Date,Price,Log return
2010-01-04,1132.99,
2010-01-05,1136.52,0.0031108061622855104
2010-01-06,1137.14,0.0005453761911345774
2010-01-07,1141.69,0.0039932825584234055
2010-01-08,1144.98,0.0028775488113092444
2010-01-11,1146.98,0.0017452315988401989
2010-01-12,1136.22,-0.009425437682848987
2010-01-13,1145.68,0.008291383667578442
2010-01-14,1148.46,0.0024235673156261114
2010-01-15,1136.03,-0.010882186102969552
2010-01-19,1150.23,0.01242219397685807
2010-01-20,1138.04,-0.010654437906525255
2010-01-21,1116.48,-0.019126605455027455
2010-01-22,1091.76,-0.022389806068551035
2010-01-25,1096.78,0.004587541286927027
2010-01-26,1092.17,-0.004212071372766148
2010-01-27,1097.5,0.004868323105307144
2010-01-28,1084.53,-0.011888152547708633
2010-01-29,1073.87,-0.009877767489622453
2010-02-01,1089.19,0.014165354795150988
2010-02-02,1103.32,0.01288951533068827
2010-02-03,1097.28,-0.005489425763279087
2010-02-04,1063.11,-0.031635815571409806
2010-02-05,1066.19,0.0028929715381732983
2010-02-08,1056.74,-0.008902848815299853
2010-02-09,1070.52,0.012955814287673312
2010-02-10,1068.13,-0.0022350557547347752
2010-02-11,1078.47,0.009633914071687014
2010-02-12,1075.51,-0.0027484023651562135
2010-02-16,1094.87,0.01784066707597497
2010-02-17,1099.51,0.004228991255194203
2010-02-18,1106.75,0.006563166615592701
2010-02-19,1109.17,0.002184195243594415
2010-02-22,1108.01,-0.0010463743185851612
2010-02-23,1094.6,-0.012176613827442041
2010-02-24,1105.24,0.00967350622884524
2010-02-25,1102.94,-0.0020831642635576906
2010-02-26,1104.49,0.00140434827355034
2010-03-01,1115.71,0.010107283593191702
2010-03-02,1118.31,0.0023276435966405676
2010-03-03,1118.79,0.00042912700135530314
2010-03-04,1122.97,0.003729217083266287
2010-03-05,1138.7,0.0139102995934497
2010-03-08,1138.5,-0.00017565431276499765
2010-03-09,1140.45,0.0017113148387610981
2010-03-10,1145.61,0.004514324876007007
2010-03-11,1150.24,0.004033370016998894
2010-03-12,1149.99,-0.00021736956824699424
2010-03-15,1150.51,0.00045207564343076404
2010-03-16,1159.46,0.007749057161496351
2010-03-17,1166.21,0.005804795137565081
2010-03-18,1165.83,-0.0003258949274998341
2010-03-19,1159.9,-0.005099485194476214
2010-03-22,1165.81,0.0050823298874814495
2010-03-23,1174.17,0.0071453906182156945
2010-03-24,1167.72,-0.005508385371629812
2010-03-25,1165.73,-0.0017056294177613758
2010-03-26,1166.59,0.0007374631602661291
2010-03-29,1173.22,0.005667141985337086
2010-03-30,1173.27,4.2616844740564804e-05
2010-03-31,1169.43,-0.0032782716003415245
2010-04-01,1178.1,0.00738652065793466
2010-04-05,1187.44,0.007896758064435913
2010-04-06,1189.44,0.0016828787923777017
2010-04-07,1182.45,-0.00589405093486044
2010-04-08,1186.44,0.0033686695230149477
2010-04-09,1194.37,0.006661622998832402
2010-04-12,1196.48,0.001765063092874738
2010-04-13,1197.3,0.0006851089340489951
2010-04-14,1210.65,0.01108838371569334
2010-04-15,1211.67,0.000842167888871758
2010-04-16,1192.13,-0.016257950246036473
2010-04-19,1197.52,0.004511128525653854
2010-04-20,1207.17,0.008026025643238168
2010-04-21,1205.94,-0.0010194314445029012
2010-04-22,1208.67,0.0022612356970690673
2010-04-23,1217.28,0.007098279974131413
2010-04-26,1212.05,-0.00430572057317188
2010-04-27,1183.71,-0.023659566893072765
2010-04-28,1191.36,0.006441937673680552
2010-04-29,1206.78,0.01286014370883258
2010-04-30,1186.69,-0.016787736487182545
2010-05-03,1202.26,0.013035199954753045
2010-05-04,1173.6,-0.024127171031983346
2010-05-05,1165.87,-0.006608358415364349
2010-05-06,1128.15,-0.032888466472885715
2010-05-07,1110.88,-0.015426628935558498
2010-05-10,1159.73,0.04303472538226554
2010-05-11,1155.79,-0.00340312655689989
2010-05-12,1171.67,0.01364598869249329
2010-05-13,1157.44,-0.012219411759088954
2010-05-14,1135.68,-0.018979079305601415
2010-05-17,1136.94,0.0011088524514465206
2010-05-18,1120.8,-0.014297726886780986
2010-05-19,1115.05,-0.005143469084670231
2010-05-20,1071.59,-0.03975572015145415
2010-05-21,1087.69,0.014912654559367987
2010-05-24,1073.65,-0.012992122932899614
2010-05-25,1074.03,0.0003538702264447118
2010-05-26,1067.95,-0.0056770056947721146
2010-05-27,1103.06,0.0323472129280415
2010-05-28,1089.41,-0.012451870600623242
2010-06-01,1070.71,-0.017314285467303576
2010-06-02,1098.38,0.02551438718007349
2010-06-03,1102.83,0.004043236276677301
2010-06-04,1064.88,-0.03501748652291547
2010-06-07,1050.47,-0.013624433691096281
2010-06-08,1062.0,0.010916239754216572
2010-06-09,1055.69,-0.0059593412390872465
2010-06-10,1086.84,0.0290798216120606
2010-06-11,1091.6,0.004370106659325958
2010-06-14,1089.63,-0.0018063207783149315
2010-06-15,1115.23,0.02322247259286971
2010-06-16,1114.61,-0.0005560937250901566
2010-06-17,1116.04,0.0012821376691954428
2010-06-18,1117.51,0.0013162904007037828
2010-06-21,1113.2,-0.003864245341811379
2010-06-22,1095.31,-0.01620132244496867
2010-06-23,1092.04,-0.0029899215361501785
2010-06-24,1073.69,-0.016946192862424502
2010-06-25,1076.76,0.002855218289774183
2010-06-28,1074.57,-0.002035950557543315
2010-06-29,1041.24,-0.031508270947024665
2010-06-30,1030.71,-0.010164425453543183
2010-07-01,1027.37,-0.0032457464551476313
2010-07-02,1022.58,-0.004673293219507561
2010-07-06,1028.06,0.005344685605450304
2010-07-07,1060.27,0.030850061581731633
2010-07-08,1070.25,0.00936867337267307
2010-07-09,1077.96,0.007178100004060206
2010-07-12,1078.75,0.0007325973685221687
2010-07-13,1095.34,0.015261853940210991
2010-07-14,1095.17,-0.00015521499590610117
2010-07-15,1096.48,0.0011954464955711874
2010-07-16,1064.88,-0.029242932098749713
2010-07-19,1071.25,0.005964074173225686
2010-07-20,1083.48,0.011351892195398526
2010-07-21,1069.59,-0.012902685652813713
2010-07-22,1093.67,0.022263615685037746
2010-07-23,1102.66,0.008186429368369252
2010-07-26,1115.01,0.011137930955885434
2010-07-27,1113.84,-0.0010498688628368148
2010-07-28,1106.13,-0.006946067738954189
2010-07-29,1101.53,-0.0041673144027251485
2010-07-30,1101.6,6.354595509431585e-05
2010-08-02,1125.86,0.021783519629687675
2010-08-03,1120.46,-0.004807872789303521
2010-08-04,1127.24,0.006032851860419904
2010-08-05,1125.81,-0.0012693905523797281
2010-08-06,1121.64,-0.0037108765803768487
2010-08-09,1127.79,0.005468065530920585
2010-08-10,1121.06,-0.005985299233984592
2010-08-11,1089.47,-0.02858332684063827
2010-08-12,1083.61,-0.005393279772831977
2010-08-13,1079.25,-0.004031704230371289
2010-08-16,1079.38,0.0001204467649919063
2010-08-17,1092.54,0.012118458371228052
2010-08-18,1094.16,0.001481685001488934
2010-08-19,1075.63,-0.01708040915809832
2010-08-20,1071.69,-0.0036696947092675234
2010-08-23,1067.36,-0.0040485317447247786
2010-08-24,1051.87,-0.014618777443950457
2010-08-25,1055.33,0.0032839816909079997
2010-08-26,1047.22,-0.007714480246337092
2010-08-27,1064.59,0.016450714533391333
2010-08-30,1048.92,-0.014828685114819894
2010-08-31,1049.33,0.0003908018636654939
2010-09-01,1080.29,0.02907765834807642
2010-09-02,1090.1,0.009039911542174104
2010-09-03,1104.51,0.013132362555402658
2010-09-07,1091.84,-0.011537451266510625
2010-09-08,1098.87,0.006418032629720949
2010-09-09,1104.18,0.0048205989722323915
2010-09-10,1109.55,0.004851549676828218
2010-09-13,1121.9,0.011069148848932673
2010-09-14,1121.1,-0.0007133303913713077
2010-09-15,1125.07,0.00353490976547272
2010-09-16,1124.66,-0.0003644881870614647
2010-09-17,1125.59,0.0008265748720807875
2010-09-20,1142.71,0.015095291707627323
2010-09-21,1139.78,-0.0025673730087764227
2010-09-22,1134.28,-0.00483717291908741
2010-09-23,1124.83,-0.008366175280827977
2010-09-24,1148.67,0.02097283822184383
2010-09-27,1142.16,-0.005683544849854091
2010-09-28,1147.7,0.004838733205657932
2010-09-29,1144.73,-0.0025911383655897063
2010-09-30,1141.2,-0.0030884609816881144
2010-10-01,1146.24,0.004406680092947396
2010-10-04,1137.03,-0.008067420805565715
2010-10-05,1160.75,0.020646748273304517
2010-10-06,1159.97,-0.0006722052030153325
2010-10-07,1158.06,-0.001647951434844234
2010-10-08,1165.15,0.006103642814175685
2010-10-11,1165.32,0.00014589331791565788
2010-10-12,1169.77,0.003811420876341655
2010-10-13,1178.1,0.00709582298146908
2010-10-14,1173.81,-0.003648102825229549
2010-10-15,1176.19,0.0020255326074200258
2010-10-18,1184.71,0.0072176178463409565
2010-10-19,1165.9,-0.01600469794135919
2010-10-20,1178.17,0.010469066254142375
2010-10-21,1180.26,0.0017723659783045339
2010-10-22,1183.08,0.0023864542032575107
2010-10-25,1185.62,0.0021446371204069184
2010-10-26,1185.64,1.6868668978158766e-05
2010-10-27,1182.45,-0.002694155990308462
2010-10-28,1183.78,0.0011241511941456764
2010-10-29,1183.26,-0.0004393673181400836
2010-11-01,1184.38,0.0009460898477315376
2010-11-02,1193.57,0.007729385187609348
2010-11-03,1197.96,0.0036712940509606175
2010-11-04,1221.06,0.01909922381617784
2010-11-05,1225.85,0.003915146955609237
2010-11-08,1223.25,-0.0021232297388884083
2010-11-09,1213.4,-0.0080849146610354
2010-11-10,1218.71,0.004366585752434095
2010-11-11,1213.54,-0.0042512141320765855
2010-11-12,1199.21,-0.011878701482340309
2010-11-15,1197.75,-0.0012182098829831606
2010-11-16,1178.34,-0.0163381284080449
2010-11-17,1178.59,0.00021214036983506886
2010-11-18,1196.69,0.015240603506340206
2010-11-19,1199.73,0.0025371192284322393
2010-11-22,1197.84,-0.001576596630330781
2010-11-23,1180.73,-0.014387043583311629
2010-11-24,1198.35,0.014812719350008895
2010-11-26,1189.4,-0.007496632323667193
2010-11-29,1187.76,-0.0013797979607531208
2010-11-30,1180.55,-0.006088748748767805
2010-12-01,1206.07,0.02138670815746615
2010-12-02,1221.53,0.012737031643018829
2010-12-03,1224.71,0.0025999098954114317
2010-12-06,1223.12,-0.0012991100065108331
2010-12-07,1223.75,0.0005149435923619067
2010-12-08,1228.28,0.003694901900663627
2010-12-09,1233.0,0.0038354074189605823
2010-12-10,1240.4,0.005983684061949668
2010-12-13,1240.46,4.8370323203855544e-05
2010-12-14,1241.59,0.0009105377233105524
2010-12-15,1235.23,-0.005135628732467859
2010-12-16,1242.87,0.006166033821100105
2010-12-17,1243.91,0.0008364230536136011
2010-12-20,1247.08,0.0025451741767312723
2010-12-21,1254.6,0.006011978070857421
2010-12-22,1258.84,0.0033738653176371234
2010-12-23,1256.77,-0.0016457244701686808
2010-12-27,1257.54,0.0006124941030118858
2010-12-28,1258.51,0.0007710498980996865
2010-12-29,1259.78,0.0010086210147884852
2010-12-30,1257.88,-0.0015093383226483204
2010-12-31,1257.64,-0.0001908154184647296
2011-01-03,1271.87,0.01125130963440283
2011-01-04,1270.2,-0.001313890050426815
2011-01-05,1276.56,0.0049945917332972515
2011-01-06,1273.85,-0.0021251493053446057
2011-01-07,1271.5,-0.0018465049346529077
2011-01-10,1269.75,-0.0013772751808198854
2011-01-11,1274.48,0.0037182215832849935
2011-01-12,1285.96,0.00896726885011282
2011-01-13,1283.76,-0.001712249223647914
2011-01-14,1293.24,0.007357425505636377
2011-01-18,1295.02,0.0013754416330838501
2011-01-19,1281.92,-0.010167184992425787
2011-01-20,1280.26,-0.0012957717508255116
2011-01-21,1283.35,0.0024106642558033367
2011-01-24,1290.84,0.005819322689537693
2011-01-25,1291.18,0.000263359696644669
2011-01-26,1296.63,0.004212061981042009
2011-01-27,1299.54,0.0022417647678586914
2011-01-28,1276.34,-0.01801374858601659
2011-01-31,1286.12,0.007633326949972496
2011-02-01,1307.59,0.01655581418074286
2011-02-02,1304.03,-0.0027262788652279426
2011-02-03,1307.1,0.0023514734345755294
2011-02-04,1310.87,0.0028800961095791244
2011-02-07,1319.05,0.006220741603444067
2011-02-08,1324.57,0.004176097943201374
2011-02-09,1320.88,-0.0027896973241534964
2011-02-10,1321.87,0.0007492195980016669
2011-02-11,1329.15,0.005492239439842426
2011-02-14,1332.32,0.0023821433260880175
2011-02-15,1328.01,-0.003240202358999328
2011-02-16,1336.32,0.0062379862455999606
2011-02-17,1340.43,0.0030708906172792973
2011-02-18,1343.01,0.0019229055205082848
2011-02-22,1315.44,-0.020742153105926635
2011-02-23,1307.4,-0.006130778227341465
2011-02-24,1306.1,-0.0009948345951537798
2011-02-25,1319.88,0.010495225773550236
2011-02-28,1327.22,0.005545705724534893
2011-03-01,1306.33,-0.015864850224639092
2011-03-02,1308.44,0.0016139090306173224
2011-03-03,1330.97,0.01707241180952882
2011-03-04,1321.15,-0.007405430280443107
2011-03-07,1310.13,-0.008376200503835498
2011-03-08,1321.82,0.008883205891223349
2011-03-09,1320.02,-0.0013626868232272332
2011-03-10,1295.11,-0.019051254369579457
2011-03-11,1304.28,0.007055530751890258
2011-03-14,1296.39,-0.006067685794074695
2011-03-15,1281.87,-0.011263529286306983
2011-03-16,1256.88,-0.01968748964337206
2011-03-17,1273.72,0.013309293117774694
2011-03-18,1279.21,0.00430094711793838
2011-03-21,1298.38,0.014874633633061064
2011-03-22,1293.77,-0.003556896676727053
2011-03-23,1297.54,0.002909727249843295
2011-03-24,1309.66,0.009297397442382284
2011-03-25,1313.8,0.003156139934757779
2011-03-28,1310.19,-0.0027515366122545675
2011-03-29,1319.44,0.0070352392937787864
2011-03-30,1328.26,0.006662410865996059
2011-03-31,1325.83,-0.0018311366072702206
2011-04-01,1332.41,0.004950654146415294
2011-04-04,1332.87,0.0003451794967636779
2011-04-05,1332.63,-0.00018007878495468458
2011-04-06,1335.54,0.002181271173726725
2011-04-07,1333.51,-0.0015211407740053193
2011-04-08,1328.17,-0.004012508764839378
2011-04-11,1324.46,-0.0027972257111361096
2011-04-12,1314.16,-0.00780715094764831
2011-04-13,1314.41,0.00019021749525698333
2011-04-14,1314.52,8.368423660124305e-05
2011-04-15,1319.68,0.0039177029836831535
2011-04-18,1305.14,-0.01107896825226009
2011-04-19,1312.62,0.0057148251616446506
2011-04-20,1330.36,0.013424442423331911
2011-04-21,1337.38,0.005262893837745057
2011-04-25,1335.25,-0.0015939358990673606
2011-04-26,1347.24,0.008939515038808828
2011-04-27,1355.66,0.00623036533863236
2011-04-28,1360.48,0.003549158040161472
2011-04-29,1363.61,0.0022980161282694822
2011-05-02,1361.22,-0.0017542383289275007
2011-05-03,1356.62,-0.003385044294317407
2011-05-04,1347.32,-0.006878877987061037
2011-05-05,1335.1,-0.009111238759396649
2011-05-06,1340.2,0.0038126611430211355
2011-05-09,1346.29,0.004533804653547277
2011-05-10,1357.16,0.008041619839871084
2011-05-11,1342.08,-0.011173631758988237
2011-05-12,1348.65,0.004883442825391279
2011-05-13,1337.77,-0.008100043542688503
2011-05-16,1329.47,-0.006223682001732072
2011-05-17,1328.98,-0.0003686358634158104
2011-05-18,1340.68,0.008765217224823568
2011-05-19,1343.6,0.0021756308222586783
2011-05-20,1333.27,-0.007718007432380335
2011-05-23,1317.37,-0.011997246485370225
2011-05-24,1316.28,-0.0008277486091439203
2011-05-25,1320.47,0.00317815760069947
2011-05-26,1325.69,0.003945344779678825
2011-05-27,1331.1,0.004072589461352033
2011-05-31,1345.2,0.010537032813141153
2011-06-01,1314.55,-0.02304829914304651
2011-06-02,1312.94,-0.0012255043417858898
2011-06-03,1300.16,-0.009781563581920035
2011-06-06,1286.17,-0.010818523892467404
2011-06-07,1284.94,-0.0009567852747120464
2011-06-08,1279.56,-0.004195755814094214
2011-06-09,1289.0,0.007350455121099006
2011-06-10,1270.98,-0.01407846751476718
2011-06-13,1271.83,0.0006685517452423052
2011-06-14,1287.87,0.012532882723673302
2011-06-15,1265.42,-0.017585608026490646
2011-06-16,1267.64,0.001752821147853282
2011-06-17,1271.5,0.0030404018474758767
2011-06-20,1278.36,0.005380700548932206
2011-06-21,1295.52,0.013334152526697675
2011-06-22,1287.14,-0.006489456149024326
2011-06-23,1283.5,-0.0028319814775847074
2011-06-24,1268.45,-0.011795038682533874
2011-06-27,1280.1,0.009142517233402692
2011-06-28,1296.67,0.012861239773101529
2011-06-29,1307.41,0.00824864128276027
2011-06-30,1320.64,0.010068386646291337
2011-07-01,1339.67,0.01430684739491854
2011-07-05,1337.88,-0.0013370433916550409
2011-07-06,1339.22,0.0010010833453429403
2011-07-07,1353.22,0.010399582665769434
2011-07-08,1343.8,-0.0069855160925432255
2011-07-11,1319.49,-0.018256123199656974
2011-07-12,1313.64,-0.004443388381926191
2011-07-13,1317.72,0.00310106049315579
2011-07-14,1308.87,-0.006738800871784166
2011-07-15,1316.14,0.005539040679880189
2011-07-18,1305.44,-0.008163061525228133
2011-07-19,1326.73,0.01617711948389583
2011-07-20,1325.84,-0.0006710473490973826
2011-07-21,1343.8,0.013455200670761065
2011-07-22,1345.02,0.0009074613278100096
2011-07-25,1337.43,-0.005659020861895793
2011-07-26,1331.94,-0.004113335911232914
2011-07-27,1304.89,-0.020517780024378287
2011-07-28,1300.67,-0.003239229716375921
2011-07-29,1292.28,-0.006471416171186788
2011-08-01,1286.94,-0.004140792666031388
2011-08-02,1254.05,-0.025888993656482444
2011-08-03,1260.34,0.005003212008481522
2011-08-04,1200.07,-0.04900163740665529
2011-08-05,1199.38,-0.0005751318168909164
2011-08-08,1119.46,-0.06895833042745467
2011-08-09,1172.53,0.04631738118329726
2011-08-10,1120.76,-0.04515678075483553
2011-08-11,1172.64,0.04525059058532176
2011-08-12,1178.81,0.005247837853274869
2011-08-15,1204.49,0.021550785789564535
2011-08-16,1192.76,-0.009786291472722999
2011-08-17,1193.89,0.0009469340577277265
2011-08-18,1140.65,-0.04561860806650028
2011-08-19,1123.53,-0.015122760800306435
2011-08-22,1123.82,0.00025808174214938097
2011-08-23,1162.35,0.03371022159734199
2011-08-24,1177.6,0.013034651096542811
2011-08-25,1159.27,-0.015687972317898854
2011-08-26,1176.8,0.015008393630514818
2011-08-29,1210.08,0.027887582820491672
2011-08-30,1212.92,0.002344202476723716
2011-08-31,1218.89,0.004909932925226356
2011-09-01,1204.42,-0.011942485261153978
2011-09-02,1173.97,-0.025606955849665675
2011-09-06,1165.24,-0.007464093032212224
2011-09-07,1198.62,0.028243820652058067
2011-09-08,1185.9,-0.01066891504794603
2011-09-09,1154.23,-0.027068525002559386
2011-09-12,1162.27,0.00694153445616869
2011-09-13,1172.87,0.009078747147885844
2011-09-14,1188.68,0.013389711169736475
2011-09-15,1209.11,0.017041104018524895
2011-09-16,1216.01,0.005690455416002148
2011-09-19,1204.09,-0.009850912270881551
2011-09-20,1202.09,-0.0016623864054958564
2011-09-21,1166.76,-0.029831031890565053
2011-09-22,1129.56,-0.03240250026243683
2011-09-23,1136.43,0.006063593439679295
2011-09-26,1162.95,0.023068110546269296
2011-09-27,1175.38,0.010631619216616886
2011-09-28,1151.06,-0.020908242602619344
2011-09-29,1160.4,0.008081516300173678
2011-09-30,1131.42,-0.02529129228036273
2011-10-03,1099.23,-0.02886354629481778
2011-10-04,1123.95,0.022239331806361014
2011-10-05,1144.03,0.017707849893700365
2011-10-06,1164.97,0.01813821922314528
2011-10-07,1155.46,-0.00819680252892006
2011-10-10,1194.89,0.033555597853170506
2011-10-11,1195.54,0.0005438352229682857
2011-10-12,1207.25,0.009747079611157516
2011-10-13,1203.66,-0.002978130791599371
2011-10-14,1224.58,0.017231013084970263
2011-10-17,1200.86,-0.01955996128718929
2011-10-18,1225.38,0.020213033197288798
2011-10-19,1209.88,-0.012729818838075795
2011-10-20,1215.39,0.004543831804408512
2011-10-21,1238.25,0.018634079544892792
2011-10-24,1254.19,0.01279085339877292
2011-10-25,1229.05,-0.020248432646129442
2011-10-26,1242.0,0.010481470272433699
2011-10-27,1284.59,0.033716617775602885
2011-10-28,1285.09,0.0003891535181890043
2011-10-31,1253.3,-0.02504868216973945
2011-11-01,1218.28,-0.02834004470968389
2011-11-02,1237.9,0.01597636762997209
2011-11-03,1261.15,0.01860760756451947
2011-11-04,1253.23,-0.006299784593889073
2011-11-07,1261.12,0.006275996498243774
2011-11-08,1275.92,0.011667272007859919
2011-11-09,1229.1,-0.03738529279356369
2011-11-10,1239.69,0.008579154122938346
2011-11-11,1263.85,0.019301269434906725
2011-11-14,1251.78,-0.009596079408942321
2011-11-15,1257.81,0.004805575097530124
2011-11-16,1236.91,-0.016755779391136084
2011-11-17,1216.13,-0.016942648369624176
2011-11-18,1215.65,-0.0003947725585652186
2011-11-21,1192.98,-0.018824534649997567
2011-11-22,1188.04,-0.004149488108607474
2011-11-23,1161.79,-0.022342971201496673
2011-11-25,1158.67,-0.0026891236049403243
2011-11-28,1192.55,0.0288210760216857
2011-11-29,1195.19,0.0022112969383296607
2011-11-30,1246.96,0.04240342063777991
2011-12-01,1244.58,-0.001910465594686547
2011-12-02,1244.28,-0.0002410742279219324
2011-12-05,1257.08,0.01023452180275579
2011-12-06,1258.47,0.001105126228035855
2011-12-07,1261.01,0.00201628975861266
2011-12-08,1234.35,-0.02136847142775983
2011-12-09,1255.19,0.016742439809384415
2011-12-12,1236.47,-0.015026409891996106
2011-12-13,1225.73,-0.008723960779886826
2011-12-14,1211.82,-0.011413223108981121
2011-12-15,1215.75,0.003237808535543156
2011-12-16,1219.66,0.0032109610779535356
2011-12-19,1205.35,-0.011802150179861203
2011-12-20,1241.3,0.02938923633991441
2011-12-21,1243.72,0.0019476710569789914
2011-12-22,1254.0,0.00823155361398492
2011-12-23,1265.33,0.008994515513423385
2011-12-27,1265.43,7.902764391107808e-05
2011-12-28,1249.64,-0.012556475533817963
2011-12-29,1263.02,0.010650168721478698
2011-12-30,1257.6,-0.004300535862919215
2012-01-03,1277.06,0.015355418375209207
2012-01-04,1277.3,0.00018791399857992464
2012-01-05,1281.06,0.0029393851586132893
2012-01-06,1277.81,-0.0025401851188711095
2012-01-09,1280.7,0.002259128343552906
2012-01-10,1292.08,0.008846519498231472
2012-01-11,1292.48,0.0003095304447903228
2012-01-12,1295.5,0.0023338676271165535
2012-01-13,1289.09,-0.004960177933283264
2012-01-17,1293.67,0.0035465972840967364
2012-01-18,1308.04,0.01104669323633066
2012-01-19,1314.5,0.004926531580627023
2012-01-20,1315.38,0.0006692320811931821
2012-01-23,1316.0,0.00047123563413351943
2012-01-24,1314.65,-0.001026362395993147
2012-01-25,1326.05,0.008634127936281153
2012-01-26,1318.43,-0.005762963674862105
2012-01-27,1316.33,-0.0015940734220098644
2012-01-30,1313.01,-0.0025253499086551
2012-01-31,1312.41,-0.00045706973394398057
2012-02-01,1324.09,0.008860289331437619
2012-02-02,1325.54,0.0010944925478258915
2012-02-03,1344.9,0.0144997372641607
2012-02-06,1344.33,-0.00042391317108323237
2012-02-07,1347.05,0.0020212685879011623
2012-02-08,1349.96,0.0021579461175579256
2012-02-09,1351.95,0.0014730323066491182
2012-02-10,1342.64,-0.006910169670604592
2012-02-13,1351.77,0.0067770197880235375
2012-02-14,1350.5,-0.0009399505552771627
2012-02-15,1343.23,-0.005397732995705936
2012-02-16,1358.04,0.01096532252888617
2012-02-17,1361.23,0.002346218995056878
2012-02-21,1362.21,0.000719678085287958
2012-02-22,1357.66,-0.00334575126341362
2012-02-23,1363.46,0.004262957005584894
2012-02-24,1365.74,0.0016708196763969795
2012-02-27,1367.59,0.0013536603940939738
2012-02-28,1372.18,0.0033506493568948885
2012-02-29,1365.68,-0.0047482429432547935
2012-03-01,1374.09,0.006139220748028996
2012-03-02,1369.63,-0.003251063467334742
2012-03-05,1364.33,-0.003877164727582936
2012-03-06,1343.36,-0.015489527433395317
2012-03-07,1352.63,0.006876907208801028
2012-03-08,1365.91,0.00977002776120633
2012-03-09,1370.87,0.0036247016059477617
2012-03-12,1371.09,0.00016046915379674782
2012-03-13,1395.95,0.01796914314001119
2012-03-14,1394.28,-0.0011970340792054287
2012-03-15,1402.6,0.005949504120039123
2012-03-16,1404.17,0.0011187237741202927
2012-03-19,1409.75,0.003966002810361202
2012-03-20,1405.52,-0.0030050426304927035
2012-03-21,1402.89,-0.0018729464492867856
2012-03-22,1392.78,-0.007232644820101418
2012-03-23,1397.11,0.0031040675271881042
2012-03-26,1416.51,0.013790282585130287
2012-03-27,1412.52,-0.0028207566873393645
2012-03-28,1405.54,-0.004953772647860423
2012-03-29,1403.28,-0.0016092170290043855
2012-03-30,1408.47,0.0036916552995440582
2012-04-02,1419.04,0.007476577793073292
2012-04-03,1413.38,-0.003996587747434638
2012-04-04,1398.96,-0.01025489547530353
2012-04-05,1398.08,-0.0006292366423330919
2012-04-09,1382.2,-0.011423434105777059
2012-04-10,1358.59,-0.01722903544536177
2012-04-11,1368.71,0.007421293181564509
2012-04-12,1387.57,0.013685325404961968
2012-04-13,1370.26,-0.012553512960530443
2012-04-16,1369.57,-0.0005036808959588716
2012-04-17,1390.78,0.015367918875513488
2012-04-18,1385.14,-0.004063523272098461
2012-04-19,1376.92,-0.005952096817443118
2012-04-20,1378.53,0.0011685932847406632
2012-04-23,1366.94,-0.008443048985726152
2012-04-24,1371.97,0.0036729981305998567
2012-04-25,1390.69,0.013552363677729872
2012-04-26,1399.98,0.006657923951737078
2012-04-27,1403.36,0.0024114104160489723
2012-04-30,1397.91,-0.0038910971640511403
2012-05-01,1405.82,0.0056424983763752054
2012-05-02,1402.31,-0.002499885566521046
2012-05-03,1391.57,-0.007688270722404974
2012-05-04,1369.1,-0.016279016486759133
2012-05-07,1369.58,0.00035053383740709244
2012-05-08,1363.72,-0.004287863738619395
2012-05-09,1354.58,-0.006724816572818403
2012-05-10,1357.99,0.0025142221555989205
2012-05-11,1353.39,-0.00339310934903185
2012-05-14,1338.35,-0.011175044036911441
2012-05-15,1330.66,-0.0057624522046803815
2012-05-16,1324.8,-0.004413555099659481
2012-05-17,1304.86,-0.01516574932256603
2012-05-18,1295.22,-0.00741519043358835
2012-05-21,1315.99,0.015908669197356163
2012-05-22,1316.63,0.0004862076658294832
2012-05-23,1318.86,0.0016922853300106668
2012-05-24,1320.68,0.0013790283825421373
2012-05-25,1317.82,-0.002167899276191806
2012-05-29,1332.42,0.011017981539835837
2012-05-30,1313.32,-0.014438555426152216
2012-05-31,1310.33,-0.0022792684195200048
2012-06-01,1278.04,-0.024951359516333108
2012-06-04,1278.18,0.00010953673794903053
2012-06-05,1285.5,0.005710556615777151
2012-06-06,1315.13,0.022787772335250183
2012-06-07,1314.99,-0.00010645902098176338
2012-06-08,1325.66,0.00808138759045486
2012-06-11,1308.93,-0.012700439066485178
2012-06-12,1324.18,0.011583390373813106
2012-06-13,1314.88,-0.0070479932229503646
2012-06-14,1329.1,0.010756614732241909
2012-06-15,1342.84,0.010284752736562524
2012-06-18,1344.78,0.0014436567200249713
2012-06-19,1357.98,0.009767870585814924
2012-06-20,1355.69,-0.0016877516747354983
2012-06-21,1325.51,-0.022513258771434952
2012-06-22,1335.02,0.007148981972021054
2012-06-25,1313.72,-0.016083465459972662
2012-06-26,1319.99,0.004761353258577372
2012-06-27,1331.85,0.00894479235230087
2012-06-28,1329.04,-0.002112076068222122
2012-06-29,1362.16,0.024614798034165282
2012-07-02,1365.51,0.0024563100993451855
2012-07-03,1374.02,0.006212764505379634
2012-07-05,1367.58,-0.00469799521801216
2012-07-06,1354.68,-0.009477490437645376
2012-07-09,1352.46,-0.0016401076395319903
2012-07-10,1341.47,-0.008159128832764184
2012-07-11,1341.45,-1.490912885989825e-05
2012-07-12,1334.76,-0.0049996180683616704
2012-07-13,1356.78,0.01636274497101934
2012-07-16,1353.64,-0.002316985120192678
2012-07-17,1363.67,0.007382334405661178
2012-07-18,1372.78,0.006658286214577447
2012-07-19,1376.51,0.002713429495304103
2012-07-20,1362.66,-0.01011263852275059
2012-07-23,1350.52,-0.008948968382666001
2012-07-24,1338.31,-0.009082079512297794
2012-07-25,1337.89,-0.00031387788913235705
2012-07-26,1360.02,0.016405659452859416
2012-07-27,1385.97,0.018900849989626385
2012-07-30,1385.3,-0.00048353283011341573
2012-07-31,1379.32,-0.004326098578733877
2012-08-01,1375.14,-0.0030350799857287686
2012-08-02,1365.0,-0.0074011154803105845
2012-08-03,1390.99,0.01886129520593171
2012-08-06,1394.23,0.002326567712056992
2012-08-07,1401.35,0.005093766155781033
2012-08-08,1402.22,0.0006206372788455045
2012-08-09,1402.8,0.000413544294347905
2012-08-10,1405.87,0.0021860889478816747
2012-08-13,1404.11,-0.0012526781188120387
2012-08-14,1403.93,-0.0001282033021227822
2012-08-15,1405.53,0.0011390090430037803
2012-08-16,1415.51,0.007075434332495446
2012-08-17,1418.16,0.0018703665370596102
2012-08-20,1418.13,-2.115439535528785e-05
2012-08-21,1413.17,-0.0035036944682847937
2012-08-22,1413.49,0.0002264156293058998
2012-08-23,1402.08,-0.00810497516365437
2012-08-24,1411.13,0.006433953540105122
2012-08-27,1410.44,-0.0004890894174197595
2012-08-28,1409.3,-0.0008085852327604881
2012-08-29,1410.49,0.0008440345349446528
2012-08-30,1399.48,-0.007836422697165871
2012-08-31,1406.58,0.005060487054237251
2012-09-04,1404.94,-0.0011666288598383128
2012-09-05,1403.44,-0.0010682316087138285
2012-09-06,1432.12,0.020229498271412946
2012-09-07,1437.92,0.004041761017721236
2012-09-10,1429.08,-0.00616674434215865
2012-09-11,1433.56,0.003129980477784836
2012-09-12,1436.56,0.0020905056879527827
2012-09-13,1459.99,0.01617821963021452
2012-09-14,1465.77,0.003951115279070497
2012-09-17,1461.19,-0.003129529435335874
2012-09-18,1459.32,-0.0012805984266831857
2012-09-19,1461.05,0.00118478151903211
2012-09-20,1460.26,-0.0005408532605288135
2012-09-21,1460.15,-7.533188836628922e-05
2012-09-24,1456.89,-0.002235143403731278
2012-09-25,1441.59,-0.010557355654258943
2012-09-26,1433.32,-0.005753239448359475
2012-09-27,1447.15,0.009602673364694815
2012-09-28,1440.67,-0.004487821869708478
2012-10-01,1444.49,0.002648034931983999
2012-10-02,1445.75,0.0008718999666616194
2012-10-03,1450.99,0.003617864023352092
2012-10-04,1461.4,0.007148798295437697
2012-10-05,1460.93,-0.00032166114302795205
2012-10-08,1455.88,-0.003462690436391353
2012-10-09,1441.48,-0.009940165231843174
2012-10-10,1432.56,-0.006207310017350925
2012-10-11,1432.84,0.0001954351929163438
2012-10-12,1428.59,-0.002970544885050311
2012-10-15,1440.13,0.008045443436660634
2012-10-16,1454.92,0.010217529003082159
2012-10-17,1460.91,0.004108612934416874
2012-10-18,1457.34,-0.0024466730272574805
2012-10-19,1433.19,-0.01671012717006166
2012-10-22,1433.82,0.00043948225512983235
2012-10-23,1413.11,-0.014549262064668257
2012-10-24,1408.75,-0.003090162849686388
2012-10-25,1412.97,0.0029910856826463454
2012-10-26,1411.94,-0.0007292268041415646
2012-10-31,1412.16,0.00015580184869156202
2012-11-01,1427.59,0.010867260747050345
2012-11-02,1414.2,-0.009423707658092246
2012-11-05,1417.26,0.0021614299275310735
2012-11-06,1428.39,0.007822505758014995
2012-11-07,1394.53,-0.023990494932418175
2012-11-08,1377.51,-0.01227991939441856
2012-11-09,1379.85,0.0016972760624259981
2012-11-12,1380.03,0.0001304404541177171
2012-11-13,1374.53,-0.00399338355969097
2012-11-14,1355.49,-0.01394884192572606
2012-11-15,1353.33,-0.001594790689528524
2012-11-16,1359.88,0.0048282386725694085
2012-11-19,1386.89,0.01966736976809187
2012-11-20,1387.81,0.0006631347776075759
2012-11-21,1391.03,0.002317514819985913
2012-11-23,1409.15,0.012942205804867957
2012-11-26,1406.29,-0.002031654720931559
2012-11-27,1398.94,-0.005240224023848537
2012-11-28,1409.93,0.007825250780979355
2012-11-29,1415.95,0.004260626145993355
2012-11-30,1416.18,0.00016242192307947768
2012-12-03,1409.46,-0.004756453525113865
2012-12-04,1407.05,-0.0017113382080492271
2012-12-05,1409.28,0.0015836215685260085
2012-12-06,1413.94,0.0033011980873050694
2012-12-07,1418.07,0.002916658435379544
2012-12-10,1418.55,0.0003384309527405416
2012-12-11,1427.84,0.00652758967448202
2012-12-12,1428.48,0.0004481290686690232
2012-12-13,1419.45,-0.00634146925043068
2012-12-14,1413.58,-0.0041439789908631845
2012-12-17,1430.36,0.011800667190939215
2012-12-18,1446.79,0.011421148426265303
2012-12-19,1435.81,-0.007618159372240999
2012-12-20,1443.69,0.005473186088517688
2012-12-21,1430.15,-0.009423002107227981
2012-12-24,1426.66,-0.0024432858581227004
2012-12-26,1419.83,-0.004798901880980162
2012-12-27,1418.1,-0.0012191986513380225
2012-12-28,1402.43,-0.0111115011894783
2012-12-31,1426.19,0.016800106652478265
2013-01-02,1462.42,0.025086044824864026
2013-01-03,1459.37,-0.0020877620279685176
2013-01-04,1466.47,0.004853316610966446
2013-01-07,1461.89,-0.003128033257148679
2013-01-08,1457.15,-0.003247645915194656
2013-01-09,1461.02,0.0026523487451191913
2013-01-10,1472.12,0.007568716794297316
2013-01-11,1472.05,-4.755160198840902e-05
2013-01-14,1470.68,-0.0009311082559243282
2013-01-15,1472.34,0.001128093030996665
2013-01-16,1472.63,0.0001969459797129973
2013-01-17,1480.94,0.005627103422306787
2013-01-18,1485.98,0.0033974659565910057
2013-01-22,1492.56,0.00441827922681335
2013-01-23,1494.81,0.001506341983383369
2013-01-24,1494.82,6.689791044299383e-06
2013-01-25,1502.96,0.0054306987208722545
2013-01-28,1500.18,-0.0018513960681661246
2013-01-29,1507.84,0.005093062252180289
2013-01-30,1501.96,-0.003907241332048655
2013-01-31,1498.11,-0.0025666081881304615
2013-02-01,1513.17,0.010002474404177631
2013-02-04,1495.71,-0.011605777551404992
2013-02-05,1511.29,0.01036258025857612
2013-02-06,1512.12,0.0005490489353745546
2013-02-07,1509.39,-0.001807043989846203
2013-02-08,1517.93,0.005641968905585326
2013-02-11,1517.01,-0.0006062723007243433
2013-02-12,1519.43,0.0015939722256221329
2013-02-13,1520.33,0.000592152029303837
2013-02-14,1521.38,0.0006904011504762424
2013-02-15,1519.79,-0.0010456502891147328
2013-02-19,1530.94,0.007309758416980312
2013-02-20,1511.95,-0.01248171740825915
2013-02-21,1502.42,-0.0063230670101523416
2013-02-22,1515.6,0.00873425874497273
2013-02-25,1487.85,-0.018479275284333255
2013-02-26,1496.94,0.0060908995959643225
2013-02-27,1515.99,0.012645666418416045
2013-02-28,1514.68,-0.0008644953634581831
2013-03-01,1518.2,0.0023212270716333073
2013-03-04,1525.2,0.004600126400740833
2013-03-05,1539.79,0.009520494489536513
2013-03-06,1541.46,0.0010839757653689358
2013-03-07,1544.26,0.001814811952149328
2013-03-08,1551.18,0.004471100410919991
2013-03-11,1556.22,0.0032438723173948535
2013-03-12,1552.48,-0.0024061516417888235
2013-03-13,1554.52,0.0013131640123256268
2013-03-14,1563.23,0.0055873772173025285
2013-03-15,1560.7,-0.0016197549581095975
2013-03-18,1552.1,-0.005525585891369138
2013-03-19,1548.34,-0.0024254633815200036
2013-03-20,1558.71,0.006675166801552446
2013-03-21,1545.8,-0.008316980404400766
2013-03-22,1556.89,0.00714866598212655
2013-03-25,1551.69,-0.003345582130917859
2013-03-26,1563.77,0.007754912943538612
2013-03-27,1562.85,-0.000588494941215648
2013-03-28,1569.19,0.004048485114815581
2013-04-01,1562.17,-0.0044836823364220995
2013-04-02,1570.25,0.005158962029794233
2013-04-03,1553.69,-0.010602095506201462
2013-04-04,1559.98,0.0040402538202902035
2013-04-05,1553.28,-0.004304176550396904
2013-04-08,1563.07,0.006283011989032715
2013-04-09,1568.61,0.003538040782594966
2013-04-10,1587.73,0.012115446292433605
2013-04-11,1593.37,0.003545946942665359
2013-04-12,1588.85,-0.002840786017135281
2013-04-15,1552.36,-0.023234130479996954
2013-04-16,1574.57,0.014205865503323178
2013-04-17,1552.01,-0.014431354089724242
2013-04-18,1541.61,-0.006723540175262234
2013-04-19,1555.25,0.008808979549016325
2013-04-22,1562.5,0.004650798215427389
2013-04-23,1578.78,0.010365294248898439
2013-04-24,1578.79,6.333984678094674e-06
2013-04-25,1585.16,0.0040266177447456745
2013-04-26,1582.24,-0.0018437840671979098
2013-04-29,1593.61,0.0071603183893662135
2013-04-30,1597.57,0.0024818418469955725
2013-05-01,1582.7,-0.009351475418805077
2013-05-02,1597.59,0.009363994353694133
2013-05-03,1614.42,0.0104795153331448
2013-05-06,1617.5,0.0019059883489792062
2013-05-07,1625.96,0.0052166631841069
2013-05-08,1632.69,0.004130550730288085
2013-05-09,1626.67,-0.003693980932139126
2013-05-10,1633.7,0.00431240067515143
2013-05-13,1633.77,4.284660609634315e-05
2013-05-14,1650.34,0.010091099634557102
2013-05-15,1658.78,0.005101065117816183
2013-05-16,1650.47,-0.005022296573084914
2013-05-17,1667.47,0.010247411805593496
2013-05-20,1666.29,-0.0007079094171616472
2013-05-21,1669.16,0.001720907648621843
2013-05-22,1655.35,-0.00830803904001975
2013-05-23,1650.51,-0.002928135769918223
2013-05-24,1649.6,-0.0005514967822677049
2013-05-28,1660.06,0.0063209120130071905
2013-05-29,1648.36,-0.007072892060328735
2013-05-30,1654.41,0.003663595567895728
2013-05-31,1630.74,-0.014410550273650714
2013-06-03,1640.42,0.005918407082218199
2013-06-04,1631.38,-0.005526024209600663
2013-06-05,1608.9,-0.01387556672524714
2013-06-06,1622.56,0.00845443320669695
2013-06-07,1643.38,0.012749947667659597
2013-06-10,1642.81,-0.00034690629921981507
2013-06-11,1626.13,-0.01020523152075696
2013-06-12,1612.52,-0.008404786017584211
2013-06-13,1636.36,0.014676090161454946
2013-06-14,1626.73,-0.005902398007852176
2013-06-17,1639.04,0.007538839723718172
2013-06-18,1651.81,0.007760951788880602
2013-06-19,1628.93,-0.013948298829170962
2013-06-20,1588.19,-0.02532835452574456
2013-06-21,1592.43,0.0026661484311964016
2013-06-24,1573.09,-0.012219313502973374
2013-06-25,1588.03,0.009452416382998888
2013-06-26,1603.26,0.009544802023650156
2013-06-27,1613.2,0.006180727659270396
2013-06-28,1606.28,-0.00429883748729547
2013-07-01,1614.96,0.0053892420362545825
2013-07-02,1614.08,-0.0005450536517269326
2013-07-03,1615.41,0.0008236595098241727
2013-07-05,1631.89,0.010150057885384197
2013-07-08,1640.46,0.005237838002118209
2013-07-09,1652.32,0.0072036706293219874
2013-07-10,1652.62,0.00018154641283901302
2013-07-11,1675.02,0.013463198150456835
2013-07-12,1680.19,0.0030817767542262128
2013-07-15,1682.5,0.0013739002782673193
2013-07-16,1676.26,-0.0037156612435484218
2013-07-17,1680.91,0.002770192140202006
2013-07-18,1689.37,0.005020364936359822
2013-07-19,1692.09,0.0016087728890168559
2013-07-22,1695.53,0.002030925063851086
2013-07-23,1692.39,-0.001853645244921124
2013-07-24,1685.94,-0.0038184593198933806
2013-07-25,1690.25,0.0025531752308375314
2013-07-26,1691.65,0.0008279370058089733
2013-07-29,1685.33,-0.003742993668069835
2013-07-30,1685.96,0.0003737441794290525
2013-07-31,1685.73,-0.00013643009906418412
2013-08-01,1706.87,0.012462579504871753
2013-08-02,1709.67,0.0016390855232919159
2013-08-05,1707.14,-0.001480913754279429
2013-08-06,1697.37,-0.005739461373172054
2013-08-07,1690.91,-0.00381314875241731
2013-08-08,1697.48,0.0038779527938558253
2013-08-09,1691.42,-0.0035763855287662917
2013-08-12,1689.47,-0.0011535425383448848
2013-08-13,1694.16,0.0027721724913956085
2013-08-14,1685.39,-0.005190051744275638
2013-08-15,1661.32,-0.014384523926260438
2013-08-16,1655.83,-0.0033100734140073594
2013-08-19,1646.06,-0.005917840093265895
2013-08-20,1652.35,0.003813963470091846
2013-08-21,1642.8,-0.005796413965205477
2013-08-22,1656.96,0.008582495040714577
2013-08-23,1663.5,0.003939218335413213
2013-08-26,1656.78,-0.004047856913079035
2013-08-27,1630.48,-0.016001509567328324
2013-08-28,1634.96,0.0027438892221566106
2013-08-29,1638.17,0.0019614259312179068
2013-08-30,1632.97,-0.0031793224259261555
2013-09-03,1639.77,0.004155545375136951
2013-09-04,1653.08,0.008084226423429193
2013-09-05,1655.08,0.001209131507343265
2013-09-06,1655.17,5.4376557675273835e-05
2013-09-09,1671.71,0.009943332056093749
2013-09-10,1683.99,0.0073189229171092005
2013-09-11,1689.13,0.0030476259239930587
2013-09-12,1683.42,-0.0033861650418574234
2013-09-13,1687.99,0.0027110335432424617
2013-09-16,1697.6,0.0056770168919803715
2013-09-17,1704.76,0.00420884948659013
2013-09-18,1725.52,0.012104115967809937
2013-09-19,1722.34,-0.0018446229845168335
2013-09-20,1709.91,-0.00724309379693379
2013-09-23,1701.84,-0.004730718868817136
2013-09-24,1697.42,-0.0026005674711671984
2013-09-25,1692.77,-0.0027432108029442847
2013-09-26,1698.67,0.0034793515156158698
2013-09-27,1691.75,-0.004082095793020239
2013-09-30,1681.55,-0.0060475090187600816
2013-10-01,1695.0,0.007966753720975774
2013-10-02,1693.87,-0.0006668889877037677
2013-10-03,1678.66,-0.009019995744482426
2013-10-04,1690.5,0.007028487065576219
2013-10-07,1676.12,-0.008542744623655642
2013-10-08,1655.45,-0.012408723348868085
2013-10-09,1656.4,0.0005736974959952306
2013-10-10,1692.56,0.021595603003649867
2013-10-11,1703.2,0.006266658904207739
2013-10-14,1710.14,0.004066403911189516
2013-10-15,1698.06,-0.007088815554411441
2013-10-16,1721.54,0.013732816122981576
2013-10-17,1733.15,0.006721323017650933
2013-10-18,1744.5,0.0065274195501484516
2013-10-21,1744.66,9.171261857431335e-05
2013-10-22,1754.67,0.005721110785884598
2013-10-23,1746.38,-0.004735730991225781
2013-10-24,1752.07,0.0032528719960210105
2013-10-25,1759.77,0.00438517263831988
2013-10-28,1762.11,0.001328835930998072
2013-10-29,1771.95,0.005568680457237637
2013-10-30,1763.31,-0.004887910480131458
2013-10-31,1756.54,-0.003846759576849974
2013-11-01,1761.64,0.002899228335302809
2013-11-04,1767.93,0.0035641773126337483
2013-11-05,1762.97,-0.0028094838497391963
2013-11-06,1770.49,0.004256457610153671
2013-11-07,1747.15,-0.01327045548901987
2013-11-08,1770.61,0.01333823103901602
2013-11-11,1771.89,0.0007226535247450411
2013-11-12,1767.69,-0.0023731640314203425
2013-11-13,1782.0,0.008062719573425563
2013-11-14,1790.62,0.00482559954733418
2013-11-15,1798.18,0.004213113677386858
2013-11-18,1791.53,-0.0037050389068854113
2013-11-19,1787.87,-0.002045036193531233
2013-11-20,1781.37,-0.003642235986195912
2013-11-21,1795.85,0.008095716274424049
2013-11-22,1804.76,0.004949171494279674
2013-11-25,1802.48,-0.0012641245404365169
2013-11-26,1802.75,0.00014978239973848013
2013-11-27,1807.23,0.002482009484745951
2013-11-29,1805.81,-0.0007860417117517002
2013-12-02,1800.9,-0.002722704643955981
2013-12-03,1795.15,-0.0031979560353163
2013-12-04,1792.81,-0.0013043625524062031
2013-12-05,1785.03,-0.004348999542987455
2013-12-06,1805.09,0.011175230224585924
2013-12-09,1808.37,0.0018154350128978636
2013-12-10,1802.62,-0.0031847248870443094
2013-12-11,1782.22,-0.011381383944921048
2013-12-12,1775.5,-0.003777704817573199
2013-12-13,1775.32,-0.00010138503227667498
2013-12-16,1786.54,0.0063001000102775595
2013-12-17,1781.0,-0.003105784071481868
2013-12-18,1810.65,0.016510892525584176
2013-12-19,1809.6,-0.0005800704533898699
2013-12-20,1818.32,0.004807171488047869
2013-12-23,1827.99,0.005304004689709988
2013-12-24,1833.32,0.002911528259119612
2013-12-26,1842.02,0.0047342647208743665
2013-12-27,1841.4,-0.0003366436658622563
2013-12-30,1841.07,-0.0001792275298283738
2013-12-31,1848.36,0.0039518351004493735
2014-01-02,1831.98,-0.00890141028044984
2014-01-03,1831.37,-0.0003330285152322327
2014-01-06,1826.77,-0.002514940611652187
2014-01-07,1837.88,0.006063353410313031
2014-01-08,1837.49,-0.00021222353203285233
2014-01-09,1838.13,0.000348240572457387
2014-01-10,1842.37,0.0023040357971461523
2014-01-13,1819.2,-0.012655942268644282
2014-01-14,1838.88,0.01075984662417709
2014-01-15,1848.38,0.005152889148329633
2014-01-16,1845.89,-0.001348033780458889
2014-01-17,1838.7,-0.0039027458285236156
2014-01-21,1843.8,0.0027698592046981876
2014-01-22,1844.86,0.0005747344722354488
2014-01-23,1828.46,-0.008929311341099137
2014-01-24,1790.29,-0.02109646461003822
2014-01-27,1781.56,-0.004888232923261316
2014-01-28,1792.5,0.006121908511444599
2014-01-29,1774.2,-0.010261676387288874
2014-01-30,1794.19,0.011204049508506286
2014-01-31,1782.59,-0.006486303697573044
2014-02-03,1741.89,-0.02309663228816655
2014-02-04,1755.2,0.007612079911712782
2014-02-05,1751.64,-0.0020303185904787225
2014-02-06,1773.43,0.012363032529603139
2014-02-07,1797.02,0.013214212922079903
2014-02-10,1799.84,0.0015680346623456046
2014-02-11,1819.75,0.011001356953851574
2014-02-12,1819.26,-0.00026930401563143885
2014-02-13,1829.83,0.005793241362750424
2014-02-14,1838.63,0.0047976627138052634
2014-02-18,1840.76,0.0011578007430249318
2014-02-19,1828.75,-0.006545856467982497
2014-02-20,1839.78,0.006013325902815458
2014-02-21,1836.25,-0.0019205507490625245
2014-02-24,1847.61,0.006167463480648212
2014-02-25,1845.12,-0.0013485959587527492
2014-02-26,1845.16,2.1678571816661324e-05
2014-02-27,1854.29,0.004935878866371388
2014-02-28,1859.45,0.002778871606797594
2014-03-03,1845.73,-0.007405881878043587
2014-03-04,1873.91,0.015152293854515365
2014-03-05,1873.81,-5.3365779740162576e-05
2014-03-06,1877.03,0.001716949158601179
2014-03-07,1878.04,0.0005379393856073099
2014-03-10,1877.17,-0.0004633562520154853
2014-03-11,1867.63,-0.0050950761792528144
2014-03-12,1868.2,0.00030515307410829926
2014-03-13,1846.34,-0.01177009932020802
2014-03-14,1841.13,-0.002825787581649674
2014-03-17,1858.83,0.009567743988496134
2014-03-18,1872.25,0.00719365860408948
2014-03-19,1860.77,-0.006150535593061312
2014-03-20,1872.01,0.006022339367196353
2014-03-21,1866.52,-0.002936985363948364
2014-03-24,1857.44,-0.004876538949937361
2014-03-25,1865.62,0.004394241920648026
2014-03-26,1852.56,-0.007024971200665742
2014-03-27,1849.04,-0.0019018808412744233
2014-03-28,1857.62,0.004629512997768188
2014-03-31,1872.34,0.007892887011329989
2014-04-01,1885.52,0.0070146594306005365
2014-04-02,1890.9,0.002849261279041829
2014-04-03,1888.77,-0.0011270826423899496
2014-04-04,1865.09,-0.012616514258563742
2014-04-07,1845.04,-0.010808351829803234
2014-04-08,1851.96,0.00374358024432315
2014-04-09,1872.18,0.01085898956046606
2014-04-10,1833.08,-0.021105915074922734
2014-04-11,1815.69,-0.009532051442590618
2014-04-14,1830.61,0.008183683881893849
2014-04-15,1842.98,0.006734582113406398
2014-04-16,1862.31,0.010433825888179194
2014-04-17,1864.85,0.0013629682617378818
2014-04-21,1871.89,0.003767994738389568
2014-04-22,1879.55,0.0040837708429826225
2014-04-23,1875.39,-0.00221574869477238
2014-04-24,1878.61,0.001715503883693198
2014-04-25,1863.4,-0.008129365642879085
2014-04-28,1869.43,0.0032307955332088844
2014-04-29,1878.33,0.004749512631766084
2014-04-30,1883.95,0.0029875523247041838
2014-05-01,1883.68,-0.00014332617611718807
2014-05-02,1881.14,-0.0013493343030381874
2014-05-05,1884.66,0.0018694572336087256
2014-05-06,1867.72,-0.009028997640356608
2014-05-07,1878.21,0.005600759982857978
2014-05-08,1875.63,-0.0013745926338061829
2014-05-09,1878.48,0.0015183361955399689
2014-05-12,1896.65,0.009626232902744135
2014-05-13,1897.45,0.0004217073940358064
2014-05-14,1888.53,-0.004712130811625354
2014-05-15,1870.85,-0.009405875621160416
2014-05-16,1877.86,0.0037399575698852106
2014-05-19,1885.08,0.0038374297012765974
2014-05-20,1872.83,-0.0065196044560605956
2014-05-21,1888.03,0.00808330156592446
2014-05-22,1892.49,0.002359464872078838
2014-05-23,1900.53,0.00423937234257786
2014-05-27,1911.91,0.0059699477493898685
2014-05-28,1909.78,-0.00111469021325644
2014-05-29,1920.03,0.005352758739255506
2014-05-30,1923.57,0.0018420236241803512
2014-06-02,1924.97,0.000727548660923367
2014-06-03,1924.24,-0.0003792986138724881
2014-06-04,1927.88,0.0018898689985705139
2014-06-05,1940.46,0.006504104782935938
2014-06-06,1949.44,0.004617093474191693
2014-06-09,1951.27,0.0009382907902712104
2014-06-10,1950.79,-0.00024602389631178353
2014-06-11,1943.89,-0.0035432986633579717
2014-06-12,1930.11,-0.007114123963848034
2014-06-13,1936.16,0.0031296339563013217
2014-06-16,1937.78,0.0008363578653421081
2014-06-17,1941.99,0.0021702325923408
2014-06-18,1956.98,0.00768924811236175
2014-06-19,1959.48,0.0012766632824317233
2014-06-20,1962.87,0.001728556015696327
2014-06-23,1962.61,-0.0001324678767336581
2014-06-24,1949.98,-0.006456103946242596
2014-06-25,1959.53,0.004885532455618504
2014-06-26,1957.22,-0.001179549508052484
2014-06-27,1960.96,0.0019090501895577705
2014-06-30,1960.23,-0.0003723359533374368
2014-07-01,1973.32,0.006655590151633005
2014-07-02,1974.62,0.0006585713293444536
2014-07-03,1985.44,0.005464577266607205
2014-07-07,1977.65,-0.003931280911030786
2014-07-08,1963.71,-0.0070737299445003425
2014-07-09,1972.83,0.004633518936331134
2014-07-10,1964.68,-0.004139677938001678
2014-07-11,1967.57,0.0014698966344172243
2014-07-14,1977.1,0.004831845777309738
2014-07-15,1973.28,-0.0019339917631568573
2014-07-16,1981.57,0.004192326961482922
2014-07-17,1958.12,-0.011904630539099268
2014-07-18,1978.22,0.010212621215764002
2014-07-21,1973.63,-0.002322963707646372
2014-07-22,1983.53,0.005003598871257555
2014-07-23,1987.01,0.0017529106323480887
2014-07-24,1987.98,0.0004880515519555957
2014-07-25,1978.34,-0.004860938593827177
2014-07-28,1978.91,0.0002880788446230361
2014-07-29,1969.95,-0.004538026355257783
2014-07-30,1970.07,6.0913396397368385e-05
2014-07-31,1930.67,-0.020201982180386897
2014-08-01,1925.15,-0.0028632061512498972
2014-08-04,1938.99,0.007163332167737625
2014-08-05,1920.21,-0.009732663890958775
2014-08-06,1920.24,1.5623169160183835e-05
2014-08-07,1909.57,-0.0055720924051179815
2014-08-08,1931.59,0.01146541212583467
2014-08-11,1936.92,0.0027555846424938877
2014-08-12,1933.75,-0.0016379596859128
2014-08-13,1946.72,0.006684782151863076
2014-08-14,1955.18,0.004336355753249845
2014-08-15,1955.06,-6.137730678305776e-05
2014-08-18,1971.74,0.008495518142763088
2014-08-19,1981.6,0.004988197546781009
2014-08-20,1986.51,0.002474731046194184
2014-08-21,1992.37,0.00294555464699719
2014-08-22,1988.4,-0.001994589647823374
2014-08-25,1997.92,0.004776344146317369
2014-08-26,2000.02,0.001050541125247729
2014-08-27,2000.12,4.9998250071612606e-05
2014-08-28,1996.74,-0.0016913280954213741
2014-08-29,2003.37,0.003314911875534921
2014-09-02,2002.28,-0.0005442312867592464
2014-09-03,2000.72,-0.0007794154778782813
2014-09-04,1997.65,-0.001535626069269506
2014-09-05,2007.71,0.005023279382596158
2014-09-08,2001.54,-0.0030778848267845093
2014-09-09,1988.44,-0.006566472549267278
2014-09-10,1995.69,0.0036394434933185002
2014-09-11,1997.45,0.0008815118498071218
2014-09-12,1985.54,-0.005980449610726171
2014-09-15,1984.13,-0.0007103865355538411
2014-09-16,1998.98,0.007456519556098104
2014-09-17,2001.57,0.0012948221428846019
2014-09-18,2011.36,0.004879237575787914
2014-09-19,2010.4,-0.00047740293713845845
2014-09-22,1994.29,-0.0080456099735067
2014-09-23,1982.77,-0.005793240342941876
2014-09-24,1998.3,0.0078019621743095095
2014-09-25,1965.99,-0.016300883863057503
2014-09-26,1982.85,0.00853926846933231
2014-09-29,1977.8,-0.002550087857627876
2014-09-30,1972.29,-0.0027898116618691174
2014-10-01,1946.16,-0.01333710386960968
2014-10-02,1946.17,5.138310472075119e-06
2014-10-03,1967.9,0.011103645698160249
2014-10-06,1964.82,-0.0015663462589335857
2014-10-07,1935.1,-0.01524163333900896
2014-10-08,1968.89,0.017310927441677434
2014-10-09,1928.21,-0.02087782075594148
2014-10-10,1906.13,-0.011517102846274005
2014-10-13,1874.74,-0.016605025431830202
2014-10-14,1877.7,0.0015776404760320126
2014-10-15,1862.49,-0.008133321486981497
2014-10-16,1862.76,0.0001449567145683124
2014-10-17,1886.76,0.012801813443832692
2014-10-20,1904.01,0.009101116168173851
2014-10-21,1941.28,0.019385360865204253
2014-10-22,1927.11,-0.007326077968841473
2014-10-23,1950.82,0.012228325652846546
2014-10-24,1964.58,0.007028685012031181
2014-10-27,1961.63,-0.001502721736806668
2014-10-28,1985.05,0.011868342458139376
2014-10-29,1982.3,-0.001386316024766647
2014-10-30,1994.65,0.006210809640156638
2014-10-31,2018.05,0.011663102277224974
2014-11-03,2017.81,-0.00011893375899205164
2014-11-04,2012.1,-0.002833812080753587
2014-11-05,2023.57,0.0056843254698454955
2014-11-06,2031.21,0.0037683963328125326
2014-11-07,2031.92,0.0003494842681511987
2014-11-10,2038.26,0.0031153438558825866
2014-11-11,2039.68,0.0006964300884238955
2014-11-12,2038.25,-0.0007013362458967195
2014-11-13,2039.33,0.0005297259772977395
2014-11-14,2039.82,0.00024024613086403535
2014-11-17,2041.32,0.0007350887583099522
2014-11-18,2051.8,0.005120799244120769
2014-11-19,2048.72,-0.0015022487778296994
2014-11-20,2052.75,0.001965149713115464
2014-11-21,2063.5,0.0052232126037382535
2014-11-24,2069.41,0.002859972285084541
2014-11-25,2067.03,-0.001150748113177924
2014-11-26,2072.83,0.0028020289550014527
2014-11-28,2067.56,-0.0025456552865591015
2014-12-01,2053.44,-0.006852732470835006
2014-12-02,2066.55,0.006364114596567206
2014-12-03,2074.33,0.0037576597991097705
2014-12-04,2071.92,-0.0011624963624507377
2014-12-05,2075.37,0.0016637374265151782
2014-12-08,2060.31,-0.007282994123169773
2014-12-09,2059.82,-0.00023785657360814608
2014-12-10,2026.14,-0.016486095225712944
2014-12-11,2035.33,0.0045254627925939775
2014-12-12,2002.33,-0.016346465435817352
2014-12-15,1989.63,-0.006362810672940926
2014-12-16,1972.74,-0.008525252460965011
2014-12-17,2012.89,0.020148061015694455
2014-12-18,2061.23,0.023731391638557114
2014-12-19,2070.65,0.004559675654011466
2014-12-22,2078.54,0.0038031565245638006
2014-12-23,2082.17,0.0017448949438961451
2014-12-24,2081.88,-0.00013928747275794275
2014-12-26,2088.77,0.0033040443422532773
2014-12-29,2090.57,0.0008613800797716425
2014-12-30,2080.35,-0.004900607277808058
2014-12-31,2058.9,-0.01036428918775506
2015-01-02,2058.2,-0.0003400451807075162
2015-01-05,2020.58,-0.018447215507429587
2015-01-06,2002.61,-0.008933269124887845
2015-01-07,2025.9,0.011562716479232132
2015-01-08,2062.14,0.01773023227055391
2015-01-09,2044.81,-0.008439402894368318
2015-01-12,2028.26,-0.008126593003387722
2015-01-13,2023.03,-0.002581895102717448
2015-01-14,2011.27,-0.0058300241971988576
2015-01-15,1992.67,-0.009290915347145516
2015-01-16,2019.42,0.013334893478396
2015-01-20,2022.55,0.0015487500528907781
2015-01-21,2032.12,0.004720491566868883
2015-01-22,2063.15,0.015154358001382194
2015-01-23,2051.82,-0.00550673692932809
2015-01-26,2057.09,0.002565158589374469
2015-01-27,2029.55,-0.01347826914874784
2015-01-28,2002.16,-0.013587495823831957
2015-01-29,2021.25,0.00948953412967013
2015-01-30,1994.99,-0.013077094111243876
2015-02-02,2020.85,0.012879177186226798
2015-02-03,2050.03,0.014336212205417897
2015-02-04,2041.51,-0.004164697065034053
2015-02-05,2062.52,0.010238806024834353
2015-02-06,2055.47,-0.003424003889146327
2015-02-09,2046.74,-0.00425624879230165
2015-02-10,2068.59,0.010618932294575799
2015-02-11,2068.53,-2.900568511630124e-05
2015-02-12,2088.48,0.009598318580950463
2015-02-13,2096.99,0.004066454532854633
2015-02-17,2100.34,0.0015962531949234387
2015-02-18,2099.68,-0.00031428422028125343
2015-02-19,2097.45,-0.001062630993007247
2015-02-20,2110.3,0.006107796303298104
2015-02-23,2109.66,-0.0003033204129457377
2015-02-24,2115.48,0.0027549400403308333
2015-02-25,2113.86,-0.0007660770140154061
2015-02-26,2110.74,-0.001477063185743682
2015-02-27,2104.5,-0.00296068767526803
2015-03-02,2117.39,0.006106288914289237
2015-03-03,2107.78,-0.00454893723637251
2015-03-04,2098.53,-0.0043981612914209805
2015-03-05,2101.04,0.0011953606197183842
2015-03-06,2071.26,-0.014275342485307393
2015-03-09,2079.43,0.003936699946892563
2015-03-10,2044.16,-0.01710687053188645
2015-03-11,2040.24,-0.0019194991693251124
2015-03-12,2065.95,0.012522721054237218
2015-03-13,2053.4,-0.00609321316658598
2015-03-16,2081.19,0.013442889619502027
2015-03-17,2074.28,-0.0033257399856237396
2015-03-18,2099.5,0.012085115625505266
2015-03-19,2089.27,-0.004884498475311038
2015-03-20,2108.1,0.008972345217324727
2015-03-23,2104.42,-0.0017471731581735757
2015-03-24,2091.5,-0.006158382825834895
2015-03-25,2061.05,-0.01466595021813647
2015-03-26,2056.15,-0.002380259551864185
2015-03-27,2061.02,0.002365703758294171
2015-03-30,2086.24,0.0121623968046154
2015-03-31,2067.89,-0.008834638950921472
2015-04-01,2059.69,-0.003973277701576431
2015-04-02,2066.96,0.003523442754392329
2015-04-06,2080.62,0.006586997425284128
2015-04-07,2076.33,-0.0020640140117176337
2015-04-08,2081.9,0.0026790260911049436
2015-04-09,2091.18,0.004447561655731752
2015-04-10,2102.06,0.005189316335635196
2015-04-13,2092.43,-0.004591746276668459
2015-04-14,2095.84,0.0016283576529126241
2015-04-15,2106.63,0.005135086608693579
2015-04-16,2104.99,-0.0007787977466591179
2015-04-17,2081.18,-0.011375675981876396
2015-04-20,2100.4,0.009192762234207431
2015-04-21,2097.29,-0.0014817676241149391
2015-04-22,2107.96,0.005074620009561437
2015-04-23,2112.93,0.0023549546644853884
2015-04-24,2117.69,0.0022502621405813723
2015-04-27,2108.92,-0.004149903864416299
2015-04-28,2114.76,0.002765362774477354
2015-04-29,2106.85,-0.0037473898615125326
2015-04-30,2085.51,-0.010180511364075624
2015-05-01,2108.29,0.010863762718014008
2015-05-04,2114.49,0.002936456294242169
2015-05-05,2089.46,-0.011907989281938557
2015-05-06,2080.15,-0.00446565288921807
2015-05-07,2088.0,0.0037666635227395196
2015-05-08,2116.1,0.01336810183819619
2015-05-11,2105.33,-0.005102547415113407
2015-05-12,2099.12,-0.0029540151581351707
2015-05-13,2098.48,-0.0003049361563555961
2015-05-14,2121.1,0.010721548914049037
2015-05-15,2122.73,0.0007681740692506561
2015-05-18,2129.2,0.003043326204180875
2015-05-19,2127.83,-0.0006436412462661924
2015-05-20,2125.85,-0.0009309586724919671
2015-05-21,2130.82,0.002335159764998983
2015-05-22,2126.06,-0.0022363806280129898
2015-05-26,2104.2,-0.010335154142642595
2015-05-27,2123.48,0.009120904921787637
2015-05-28,2120.79,-0.0012675915340863882
2015-05-29,2107.39,-0.006338445791358441
2015-06-01,2111.73,0.0020573017741854285
2015-06-02,2109.6,-0.0010091607056388198
2015-06-03,2114.07,0.0021166434256780875
2015-06-04,2095.84,-0.008660571815416115
2015-06-05,2092.83,-0.001437210626817113
2015-06-08,2079.28,-0.006495537098383694
2015-06-09,2080.15,0.0004183265556517879
2015-06-10,2105.2,0.011970467999834084
2015-06-11,2108.86,0.0017370426241117387
2015-06-12,2094.11,-0.007018875011890289
2015-06-15,2084.43,-0.004633205529385608
2015-06-16,2096.29,0.005673679086406269
2015-06-17,2100.44,0.001977730925124627
2015-06-18,2121.24,0.009853976761801558
2015-06-19,2109.99,-0.005317615213403526
2015-06-22,2122.85,0.006076317350836994
2015-06-23,2124.2,0.0006357354142135757
2015-06-24,2108.58,-0.007380525755900911
2015-06-25,2102.31,-0.002977994976722945
2015-06-26,2101.49,-0.00039012322679491675
2015-06-29,2057.64,-0.02108692194926015
2015-06-30,2063.11,0.002654858078183291
2015-07-01,2077.42,0.006912186109313318
2015-07-02,2076.78,-0.0003081219031646385
2015-07-06,2068.76,-0.0038692233125439636
2015-07-07,2081.34,0.006062523086486958
2015-07-08,2046.68,-0.01679294892719651
2015-07-09,2051.31,0.0022596453237141356
2015-07-10,2076.62,0.012262958517226932
2015-07-13,2099.6,0.011005278427365045
2015-07-14,2108.95,0.004443342901147857
2015-07-15,2107.4,-0.0007352331138653618
2015-07-16,2124.29,0.007982668716293924
2015-07-17,2126.64,0.0011056405254354067
2015-07-20,2128.28,0.0007708723459965329
2015-07-21,2119.21,-0.004270764044629494
2015-07-22,2114.15,-0.002390537261033748
2015-07-23,2102.15,-0.0056922099476966175
2015-07-24,2079.65,-0.010761020194054139
2015-07-27,2067.64,-0.005791750069227781
2015-07-28,2093.25,0.01231002184803006
2015-07-29,2108.57,0.007292110507604485
2015-07-30,2108.63,2.8454898986964683e-05
2015-07-31,2103.84,-0.002274201152523918
2015-08-03,2098.04,-0.0027606707871855756
2015-08-04,2093.32,-0.00225225320432502
2015-08-05,2099.84,0.0031098289855839203
2015-08-06,2083.56,-0.007783182188635467
2015-08-07,2077.57,-0.002879027637921453
2015-08-10,2104.18,0.012726901022967103
2015-08-11,2084.07,-0.009603129968501637
2015-08-12,2086.05,0.0009496130321388531
2015-08-13,2083.39,-0.001275950900305485
2015-08-14,2091.54,0.0039042620368306804
2015-08-17,2102.44,0.005197938255237148
2015-08-18,2096.92,-0.002628973548012266
2015-08-19,2079.61,-0.0082892253214385
2015-08-20,2035.73,-0.02132589920510587
2015-08-21,1970.89,-0.03236925954849968
2015-08-24,1893.21,-0.0402114162811756
2015-08-25,1867.61,-0.01361426253218886
2015-08-26,1940.51,0.038291286558614
2015-08-27,1987.66,0.02400724232625184
2015-08-28,1988.87,0.000608570807887431
2015-08-31,1972.18,-0.008427108353350126
2015-09-01,1913.85,-0.0300226098516122
2015-09-02,1948.86,0.018127666183109615
2015-09-03,1951.13,0.001164105680449443
2015-09-04,1921.22,-0.015448291002620419
2015-09-08,1969.41,0.024773604592646017
2015-09-09,1942.04,-0.013995038527950136
2015-09-10,1952.29,0.0052640755505400285
2015-09-11,1961.05,0.0044770015545705895
2015-09-14,1953.03,-0.004098031324803634
2015-09-15,1978.09,0.012749719911298718
2015-09-16,1995.31,0.008667694070501723
2015-09-17,1990.2,-0.002564290542541979
2015-09-18,1958.03,-0.01629627045108819
2015-09-21,1966.97,0.00455542189051565
2015-09-22,1942.74,-0.012394939887069493
2015-09-23,1938.76,-0.0020507542933684945
2015-09-24,1932.24,-0.0033686417802160917
2015-09-25,1931.34,-0.00046588915786858695
2015-09-28,1881.77,-0.02600123923939529
2015-09-29,1884.09,0.0012321224333906237
2015-09-30,1920.03,0.018895865203796398
2015-10-01,1923.82,0.001971981855787723
2015-10-02,1951.36,0.01421377260428928
2015-10-05,1987.05,0.018124561438544923
2015-10-06,1979.92,-0.00359468696646854
2015-10-07,1995.83,0.008003564071616849
2015-10-08,2013.43,0.008779731449656634
2015-10-09,2014.89,0.0007248679667592819
2015-10-12,2017.46,0.0012746911096436508
2015-10-13,2003.69,-0.00684881380942293
2015-10-14,1994.24,-0.00472745525794583
2015-10-15,2023.86,0.014743553692310356
2015-10-16,2033.11,0.004560061340766879
2015-10-19,2033.66,0.00027048493195005823
2015-10-20,2030.77,-0.0014220938665690213
2015-10-21,2018.94,-0.005842410271440132
2015-10-22,2052.51,0.016490813232663316
2015-10-23,2075.15,0.010970005786788946
2015-10-26,2071.18,-0.0019149470559137484
2015-10-27,2065.89,-0.002557366872257423
2015-10-28,2090.35,0.01177038977262058
2015-10-29,2089.41,-0.0004497865982006129
2015-10-30,2079.36,-0.004821575414258128
2015-11-02,2104.05,0.011803904793109323
2015-11-03,2109.79,0.002724357616923586
2015-11-04,2102.31,-0.0035516762958985523
2015-11-05,2099.93,-0.001132729332202236
2015-11-06,2099.2,-0.0003476910728431842
2015-11-09,2078.58,-0.009871351502606852
2015-11-10,2081.72,0.0015095068126030056
2015-11-11,2075.0,-0.003233321394967414
2015-11-12,2045.97,-0.014089149017324396
2015-11-13,2023.04,-0.011270674060276152
2015-11-16,2053.19,0.014793350640956328
2015-11-17,2050.44,-0.0013402769799722193
2015-11-18,2083.58,0.01603316380542843
2015-11-19,2081.24,-0.0011236981412047731
2015-11-20,2089.17,0.0038029879831690382
2015-11-23,2086.59,-0.0012357033585728208
2015-11-24,2089.14,0.0012213434858008502
2015-11-25,2088.87,-0.00012924813505752467
2015-11-27,2090.11,0.0005934462650656421
2015-11-30,2080.41,-0.004651706497517027
2015-12-01,2102.63,0.010623952433730842
2015-12-02,2079.51,-0.011056653069340215
2015-12-03,2049.62,-0.014477878923262813
2015-12-04,2091.69,0.0203179415517183
2015-12-07,2077.07,-0.007014104884478266
2015-12-08,2063.59,-0.006511062305276753
2015-12-09,2047.62,-0.007769041389937937
2015-12-10,2052.23,0.002248863711052729
2015-12-11,2012.37,-0.019613874846502764
2015-12-14,2021.94,0.004744314616645313
2015-12-15,2043.41,0.010562534400149612
2015-12-16,2073.07,0.014410619402612932
2015-12-17,2041.89,-0.01515475083488926
2015-12-18,2005.55,-0.01795751217964754
2015-12-21,2021.15,0.007748318994364429
2015-12-22,2038.97,0.00877812203932951
2015-12-23,2064.29,0.012341563236114893
2015-12-24,2060.99,-0.001599891742574954
2015-12-28,2056.5,-0.0021809411946235105
2015-12-29,2078.36,0.010573612487139963
2015-12-30,2063.36,-0.007243399159519185
2015-12-31,2043.94,-0.009456404312783972
